"hash","market","itemlink","vendor","price","product","description","image_link","timestamp","ship_from"
"9-2e0bff759d057e28460eaa5b2cb118e5","1776","http://n6tzonxy7sod7eqt.onion/Viewitem?itemid=2787","ACAB23","50.00000000","1 gr indian Ketamin","Very Strong Ketamin from India be careful i dont send to usa and Australia sorry only with FE and for your own risk","http://n6tzonxy7sod7eqt.onion/image?item=2787","1399918210","Austria",
"9-b4a721cfb62f5d19ec61575114d8a2d1","1776","http://n6tzonxy7sod7eqt.onion/Viewitem?itemid=2777","atheist666","0.25000000","Get Yer Bitcoins Here My BTC for your Reloads","Hi I enthusiastically help my brothers and sisters out there by procuring Bitoin for you if you ever need them in a pinch I trade my Bitcoins for your Vanilla Greendot MoneyPak Reloadit and Netspend reload paks Just go pick one up at your favorite Rite Aid CVS Walgreens 7 11 or local chain grocery store and add funds with the cashier Do NOT use Wal Mart for this When you get back to your computer notify me by buying a listing and sending me your secret reload code from the back of your reload pak along with your Bitcoin wallet address Once we make contact the transaction just takes minutes I m fast thorough friendly and look forward to serving you My commission rate is 15 so if you give me a Reload Pak with 500 on it you will get back 425 in Bitcoins PM me if you have any questions Check out my 100 Feedback rating at Evolution Market http k5zq47j6wd3wdvjq onion user listings 9633 Thanks for stopping by and I look forward to working with you Atheist666","http://n6tzonxy7sod7eqt.onion/image?item=2777","1399572372","United States",
"9-3fc2c60b5782f641f76bcefc39fb2392","1776","http://n6tzonxy7sod7eqt.onion/Viewitem?itemid=2825","bcdirect","225.00000000","1oz Vintage 2006 AAA Greenhouse BC Bud","Popular medicinal strain grown organically Lots of flavor and with a strong long lasting high An indica dominant Indica sativa hybrid with pronounced sativa elements Popular medicinal strain It has a sweet citrusy smell and hits users quickly with an energizing happy high Good for daytime use Greenhouse Organic 29 grams","http://n6tzonxy7sod7eqt.onion/image?item=2825","1401051987","Canada",
"9-b030afbb3a8af8fb0759241c97466ee4","1776","http://n6tzonxy7sod7eqt.onion/Viewitem?itemid=2824","bcdirect","360.00000000","1 8oz AAA Critical Plus BC Bud Greenhouse","Organic greenhouse BC Bud winner of the 1st High Life Cup in Barcelona One of Dinafem s flagship varieties it won the 1st High Life Cup in Barcelona Intense fruity and skunky aroma with great aftertaste This indica dominant looks like a sativa with fluffy buds and a strong body and mind stone Organically grown in a greenhouse 50 grams","http://n6tzonxy7sod7eqt.onion/image?item=2824","1401051986","Canada",
"9-46f76a4bda9a9579eab38a8f6eabcda1","1776","http://n6tzonxy7sod7eqt.onion/Viewitem?itemid=2823","bcdirect","200.00000000","1oz AAA Critical Plus BC Bud Greenhouse","Organic greenhouse BC Bud winner of the 1st High Life Cup in Barcelona One of Dinafem s flagship varieties it won the 1st High Life Cup in Barcelona Intense fruity and skunky aroma with great aftertaste This indica dominant looks like a sativa with fluffy buds and a strong body and mind stone Organically grown in a greenhouse 29 grams","http://n6tzonxy7sod7eqt.onion/image?item=2823","1401051986","Canada",
"9-0172d289da48c48de8c5ebf3de9f7ee1","1776","http://n6tzonxy7sod7eqt.onion/Viewitem?itemid=2822","bcdirect","200.00000000","1 8oz Grade A Indoor Bud Shake","Grade A Indoor Bud Shake Just as it implies a mix of smaller buds and shake from our other indoor products Mostly crystalized buds and leaf flower parts some thc sand may contain some stock although we try to pick out most large stems A fine smelling crystal crumble Strains vary and sometimes are mixed Good to smoke or cook with 50 grams","http://n6tzonxy7sod7eqt.onion/image?item=2822","1401051986","Canada",
"9-aee92f16efd522b9326c25cc3237ac15","1776","http://n6tzonxy7sod7eqt.onion/Viewitem?itemid=2820","bcdirect","400.00000000","1 8oz AAA Bubba Kush Indoor BC Bud","Indoor AAA Organic BC Bud A sweet earthy strain that is an indica dominant hybrid Bubba Kush is a cross between Bubble Gum and Kush It has an intense and relaxing high that starts in your head and moves down into your body Dense nugs foresty kush smell good strain for after work 50 grams","http://n6tzonxy7sod7eqt.onion/image?item=2820","1401051986","Canada",
"9-56cb94cb34617aeadff1e79b53f38354","1776","http://n6tzonxy7sod7eqt.onion/Viewitem?itemid=2821","bcdirect","130.00000000","1oz Grade A Indoor Bud Shake","Grade A Indoor Bud Shake Just as it implies a mix of smaller buds and shake from our other indoor products Mostly crystalized buds and leaf flower parts some thc sand may contain some stock although we try to pick out most large stems A fine smelling crystal crumble Strains vary and sometimes are mixed Good to smoke or cook with 29 grams","http://n6tzonxy7sod7eqt.onion/image?item=2821","1401051986","Canada",
"9-d53697441ef12a45422f6660202f9840","1776","http://n6tzonxy7sod7eqt.onion/Viewitem?itemid=2818","bcdirect","225.00000000","1oz Grade A Hash","Grade A Hash Great high strong but smooth Rich taste Medium Soft preformed pucks It is dark brown on the exterior and medium brown blond on the inside when broken or torn apart It s medium hard to start with and softens more in the fingers or against heat 29 grams","http://n6tzonxy7sod7eqt.onion/image?item=2818","1401051986","Canada",
"9-28acfe2da49d2b9a7f177458256f2540","1776","http://n6tzonxy7sod7eqt.onion/Viewitem?itemid=2819","bcdirect","225.00000000","1oz AAA Bubba Kush Indoor BC Bud","Indoor AAA Organic BC Bud A sweet earthy strain that is an indica dominant hybrid Bubba Kush is a cross between Bubble Gum and Kush It has an intense and relaxing high that starts in your head and moves down into your body Dense nugs foresty kush smell good strain for after work 29 grams","http://n6tzonxy7sod7eqt.onion/image?item=2819","1401051986","Canada",
"9-7f141cf8e7136ce8701dc6636c2a6fe4","1776","http://n6tzonxy7sod7eqt.onion/Viewitem?itemid=2758","BruceWillix","52.00000000","5g CHOCOLATE FONDUE Specific Outdoor Weed Top Quality","CHOCOLATE FONDUE Specific Outdoor WEED Sativa Indica Name CHOCOLATE FONDUE Grade A TOP QUALITY Genetics Chocolope and Exodus Cheese THC Content High 21 Very clean tasty potent high quality weed No big leaves and crap only fine selected buds full of sticky resin crystals The smell and taste is sweet and spicey the effect is powerful and stoney Discreet and safe Ninja stealth packaging and shipping Smell proof guaranteed You get exactly what you see on the picture Photo is taken from the original product","http://n6tzonxy7sod7eqt.onion/image?item=2758","1399167706","Hungary",
"9-b0bef4c9a6e50d43880191492d4fc827","1776","http://n6tzonxy7sod7eqt.onion/Viewitem?itemid=2760","BruceWillix","90.00000000","10g CHOCOLATE FONDUE Specific Outdoor Weed Top Quality","CHOCOLATE FONDUE Specific Outdoor WEED Sativa Indica Name CHOCOLATE FONDUE Grade A TOP QUALITY Genetics Chocolope and Exodus Cheese THC Content High 21 Very clean tasty potent high quality weed No big leaves and crap only fine selected buds full of sticky resin crystals The smell and taste is sweet and spicey the effect is powerful and stoney Discreet and safe Ninja stealth packaging and shipping Smell proof guaranteed You get exactly what you see on the picture Photo is taken from the original product","http://n6tzonxy7sod7eqt.onion/image?item=2760","1399167706","Hungary",
"9-566a9968b43628588e76be5a85a0f9e8","1776","http://n6tzonxy7sod7eqt.onion/Viewitem?itemid=2761","BruceWillix","215.00000000","25g CHOCOLATE FONDUE Specific Outdoor Weed Top Quality","CHOCOLATE FONDUE Specific Outdoor WEED Sativa Indica Name CHOCOLATE FONDUE Grade A TOP QUALITY Genetics Chocolope and Exodus Cheese THC Content High 21 Very clean tasty potent high quality weed No big leaves and crap only fine selected buds full of sticky resin crystals The smell and taste is sweet and spicey the effect is powerful and stoney Discreet and safe Ninja stealth packaging and shipping Smell proof guaranteed You get exactly what you see on the picture Photo is taken from the original product","http://n6tzonxy7sod7eqt.onion/image?item=2761","1399167706","Hungary",
"9-2b6921f2c64dee16ba21ebf17f3c2c92","1776","http://n6tzonxy7sod7eqt.onion/Viewitem?itemid=2762","BruceWillix","34.00000000","1g MEPHEDRONE 4 MMC microcrystal with little rocks FAMOUS and RARE Top Quality","MEPHEDRONE 4 MMC Top Quality Microcrystal with little rocks Purity 99 8 Famous and very rare product Limited Quantity Discreet and safe Ninja stealth packaging and shipping Smell proof guaranteed You get exactly what you see on the picture Photo is taken from the original product","http://n6tzonxy7sod7eqt.onion/image?item=2762","1399167706","Hungary",
"9-f804d21145597e42851fa736e221da3f","1776","http://n6tzonxy7sod7eqt.onion/Viewitem?itemid=2763","BruceWillix","60.00000000","2g MEPHEDRONE 4 MMC microcrystal with little rocks FAMOUS and RARE Top Quality","MEPHEDRONE 4 MMC Top Quality Microcrystal with little rocks Purity 99 8 Famous and very rare product Limited Quantity Discreet and safe Ninja stealth packaging and shipping Smell proof guaranteed You get exactly what you see on the picture Photo is taken from the original product","http://n6tzonxy7sod7eqt.onion/image?item=2763","1399167706","Hungary",
"9-98d8a23fd60826a2a474c5b4f5811707","1776","http://n6tzonxy7sod7eqt.onion/Viewitem?itemid=2764","BruceWillix","84.00000000","3g MEPHEDRONE 4 MMC microcrystal with little rocks FAMOUS and RARE Top Quality","MEPHEDRONE 4 MMC Top Quality Microcrystal with little rocks Purity 99 8 Famous and very rare product Limited Quantity Discreet and safe Ninja stealth packaging and shipping Smell proof guaranteed You get exactly what you see on the picture Photo is taken from the original product","http://n6tzonxy7sod7eqt.onion/image?item=2764","1399167706","Hungary",
"9-370bfb31abd222b582245b977ea5f25a","1776","http://n6tzonxy7sod7eqt.onion/Viewitem?itemid=2765","BruceWillix","130.00000000","5g MEPHEDRONE 4 MMC microcrystal with little rocks FAMOUS and RARE Top Quality","MEPHEDRONE 4 MMC Top Quality Microcrystal with little rocks Purity 99 8 Famous and very rare product Limited Quantity Discreet and safe Ninja stealth packaging and shipping Smell proof guaranteed You get exactly what you see on the picture Photo is taken from the original product","http://n6tzonxy7sod7eqt.onion/image?item=2765","1399167706","Hungary",
"9-f75526659f31040afeb61cb7133e4e6d","1776","http://n6tzonxy7sod7eqt.onion/Viewitem?itemid=2767","BruceWillix","12.00000000","1g SPEED NORMAL DRY a little bit wet","SPEED NORMAL DRY Amphetamine Very good SPEED for very good price Not too wet it dries very fast The loss due drying is about max 10 15 only Discreet and safe Ninja stealth packaging and shipping Smell proof guaranteed You get exactly what you see on the picture Photo is taken from the original product","http://n6tzonxy7sod7eqt.onion/image?item=2767","1399167707","Hungary",
"9-f499d34bd87b42948b3960b8f6b82e74","1776","http://n6tzonxy7sod7eqt.onion/Viewitem?itemid=2768","BruceWillix","50.00000000","5g SPEED NORMAL DRY a little bit wet","SPEED NORMAL DRY Amphetamine Very good SPEED for very good price Not too wet it dries very fast The loss due drying is about max 10 15 only Discreet and safe Ninja stealth packaging and shipping Smell proof guaranteed You get exactly what you see on the picture Photo is taken from the original product","http://n6tzonxy7sod7eqt.onion/image?item=2768","1399167707","Hungary",
"9-44ac09ac6a149136a4102ee4b4103ae6","1776","http://n6tzonxy7sod7eqt.onion/Viewitem?itemid=2769","BruceWillix","90.00000000","10g SPEED NORMAL DRY a little bit wet","SPEED NORMAL DRY Amphetamine Very good SPEED for very good price Not too wet it dries very fast The loss due drying is about max 10 15 only Discreet and safe Ninja stealth packaging and shipping Smell proof guaranteed You get exactly what you see on the picture Photo is taken from the original product","http://n6tzonxy7sod7eqt.onion/image?item=2769","1399167707","Hungary",
"9-a7a3d70c6d17a73140918996d03c014f","1776","http://n6tzonxy7sod7eqt.onion/Viewitem?itemid=2770","BruceWillix","200.00000000","25g SPEED NORMAL DRY a little bit wet","SPEED NORMAL DRY Amphetamine Very good SPEED for very good price Not too wet it dries very fast The loss due drying is about max 10 15 only Discreet and safe Ninja stealth packaging and shipping Smell proof guaranteed You get exactly what you see on the picture Photo is taken from the original product","http://n6tzonxy7sod7eqt.onion/image?item=2770","1399167707","Hungary",
"9-6244b2ba957c48bc64582cf2bcec3d04","1776","http://n6tzonxy7sod7eqt.onion/Viewitem?itemid=2776","BruceWillix","12.00000000","1g CHOCOLATE FONDUE Specific Outdoor Weed Top Quality","CHOCOLATE FONDUE Specific Outdoor WEED Sativa Indica Name CHOCOLATE FONDUE Grade A TOP QUALITY Genetics Chocolope and Exodus Cheese THC Content High 21 Very clean tasty potent high quality weed No big leaves and crap only fine selected buds full of sticky resin crystals The smell and taste is sweet and spicey the effect is powerful and stoney Discreet and safe Ninja stealth packaging and shipping Smell proof guaranteed You get exactly what you see on the picture Photo is taken from the original product","http://n6tzonxy7sod7eqt.onion/image?item=2776","1399225046","Hungary",
"9-ec0bfd000f253eff3acb1043e1c06979","1776","http://n6tzonxy7sod7eqt.onion/Viewitem?itemid=2790","BruceWillix","30.00000000","TRAMADOL 50 mg 20 capsules","Tramadol HCL capsules 50 mg Strong opioid painkiller and narcotic like pain reliever Strong opioids sometimes called opiates are medicines used to treat severe pain Tramadol is a type of strong opioid It works on your nervous system and brain to reduce the way you feel pain Pharmaticeutical quality EUROPEAN PRODUCT Store in a cool dry place away from direct heat and light Discreet and safe Ninja stealth packaging and shipping Smell proof guaranteed You get exactly what you see on the picture Photo is taken from the original product","http://n6tzonxy7sod7eqt.onion/image?item=2790","1399918211","Hungary",
"9-b19aa25ff58940d974234b48391b9549","1776","http://n6tzonxy7sod7eqt.onion/Viewitem?itemid=2789","BruceWillix","55.00000000","TRAMADOL 50 mg 40 capsules","Tramadol HCL capsules 50 mg Strong opioid painkiller and narcotic like pain reliever Strong opioids sometimes called opiates are medicines used to treat severe pain Tramadol is a type of strong opioid It works on your nervous system and brain to reduce the way you feel pain Pharmaticeutical quality EUROPEAN PRODUCT Store in a cool dry place away from direct heat and light Discreet and safe Ninja stealth packaging and shipping Smell proof guaranteed You get exactly what you see on the picture Photo is taken from the original product","http://n6tzonxy7sod7eqt.onion/image?item=2789","1399918211","Hungary",
"9-d210cf373cf002a04ec72ee395f66306","1776","http://n6tzonxy7sod7eqt.onion/Viewitem?itemid=2788","BruceWillix","100.00000000","TRAMADOL 50 mg 80 capsules","Tramadol HCL capsules 50 mg Strong opioid painkiller and narcotic like pain reliever Strong opioids sometimes called opiates are medicines used to treat severe pain Tramadol is a type of strong opioid It works on your nervous system and brain to reduce the way you feel pain Pharmaticeutical quality EUROPEAN PRODUCT Store in a cool dry place away from direct heat and light Discreet and safe Ninja stealth packaging and shipping Smell proof guaranteed You get exactly what you see on the picture Photo is taken from the original product","http://n6tzonxy7sod7eqt.onion/image?item=2788","1399918210","Hungary",
"9-fb3f76858cb38e5b7fd113e0bc1c0721","1776","http://n6tzonxy7sod7eqt.onion/Viewitem?itemid=2786","butyrfent","80.00000000","Butyrfentanyl nasal spray","N 1 2 phenylethyl 4 piperidinyl N phenylbutyramide delivered in a spray bottle like nasal spray bottle and diluted with a sterile water solution for safe handling as dry powder can cause dust clouds that could prove VERY dangerous upon accedental inhalation each spray is 0 25mg and each bottle gives 95 110 sprays","http://n6tzonxy7sod7eqt.onion/image?item=2786","1399831751","Sweden",
"9-e27a949795bbe863f31c3b79a2686770","1776","http://n6tzonxy7sod7eqt.onion/Viewitem?itemid=2796","dealer007","70.00000000","0 5 afghan white heroine purity 90 sample","sample 0 5gr white pure heroine hello to all this is the highest quality white heroin purity about 90 ittimo to smoke it and inject it during the order indicate if you want to powder in capsule opened or closed We are a group in this business for 7 years and we do our job in the best","http://n6tzonxy7sod7eqt.onion/image?item=2796","1400619684","Italy",
"9-a7f592cef8b130a6967a90617db5681b","1776","http://n6tzonxy7sod7eqt.onion/Viewitem?itemid=2795","dealer007","1000.00000000","best 7gr high quality afghan white heroine 90 purity","hello to all this is the highest quality white heroin purity about 90 ittimo to smoke it and inject it during the order indicate if you want to powder in capsule opened or closed We are a group in this business for 7 years and we do our job in the best if you want proof we give you 0 5 Arrange them in our catalog","http://n6tzonxy7sod7eqt.onion/image?item=2795","1400619684","Italy",
"9-3812f9a59b634c2a9c574610eaba5bed","1776","http://n6tzonxy7sod7eqt.onion/Viewitem?itemid=2842","DRice2020","9.50000000","1g Mid Grade Northern Lights Cannabis Bud","Listing for 1g Mid Grade Northern Lights Cannabis Bud Low smelling strain","http://n6tzonxy7sod7eqt.onion/image?item=2842","1401657211","United Kingdom",
"9-bf2fb7d1825a1df3ca308ad0bf48591e","1776","http://n6tzonxy7sod7eqt.onion/Viewitem?itemid=2843","DRice2020","42.50000000","5g Mid Grade Northern Lights Cannabis Bud","Listing is for 5g Mid Grade Northern Lights Cannabis Bud Low smelling strain","http://n6tzonxy7sod7eqt.onion/image?item=2843","1401657211","United Kingdom",
"9-6f1d0705c91c2145201df18a1a0c7345","1776","http://n6tzonxy7sod7eqt.onion/Viewitem?itemid=2844","DRice2020","80.00000000","10g Mid Grade Northern Lights Cannabis Bud","Listing is for 10g Mid Grade Northern Lights Cannabis Bud Low smelling strain","http://n6tzonxy7sod7eqt.onion/image?item=2844","1401657211","United Kingdom",
"9-a78482ce76496fcf49085f2190e675b4","1776","http://n6tzonxy7sod7eqt.onion/Viewitem?itemid=2840","ketaway","177.00000000","ketamine 1oz of s isomer 99 pure","Pure ketamine s isomer which I can send to any country with 100 confidence you will recieve the product","http://n6tzonxy7sod7eqt.onion/image?item=2840","1401657211","United Kingdom",
"9-d71fa38b648d86602d14ac610f2e6194","1776","http://n6tzonxy7sod7eqt.onion/Viewitem?itemid=2841","ketaway","500.00000000","ketamine 4oz of s isomer 99 pure","pure s isomer ketamine which I can send world wide and it will 100 be delivered worldwide","http://n6tzonxy7sod7eqt.onion/image?item=2841","1401657211","United Kingdom",
"9-2bc8ae25856bc2a6a1333d1331a3b7a6","1776","http://n6tzonxy7sod7eqt.onion/Viewitem?itemid=2832","laWnmoWermAn","126.00000000","1 2 ounce of Afghani 1 Ship to USA","Afghani 1 is originally from the northern mountains of Afghanistan It is described as 95 indica but I have to say it seems to me to be more like a sativa It is tall and lanky and has a strong up high She is known for strong and spicy flavor and is ideal for medical use Here are a few links to more about the strain http cannacentral com strains afghani src search http www cannapot com shop cannabis seeds hemcy bv afghani no1 seeds html this is where the seeds are from http en seedfinder eu strain info Afghani Nr1 Sensi Seeds","http://n6tzonxy7sod7eqt.onion/image?item=2832","1401484281","United States",
"9-ade55409d1224074754035a5a937d2e0","1776","http://n6tzonxy7sod7eqt.onion/Viewitem?itemid=2833","laWnmoWermAn","67.00000000","1 4 ounce of Afghani 1 Ship to USA","Afghani 1 is originally from the northern mountains of Afghanistan It is described as 95 indica but I have to say it seems to me to be more like a sativa It is tall and lanky and has a strong up high She is known for strong and spicy flavor and is ideal for medical use Here are a few links to more about the strain http cannacentral com strains afghani src search http www cannapot com shop cannabis seeds hemcy bv afghani no1 seeds html this is where the seeds are from http en seedfinder eu strain info Afghani Nr1 Sensi Seeds","http://n6tzonxy7sod7eqt.onion/image?item=2833","1401484281","United States",
"9-9752d873fa71c19dc602bf2a0696f9b5","1776","http://n6tzonxy7sod7eqt.onion/Viewitem?itemid=2834","laWnmoWermAn","34.00000000","1 8 ounce of Afghani 1 Ship to USA","Afghani 1 is originally from the northern mountains of Afghanistan It is described as 95 indica but I have to say it seems to me to be more like a sativa It is tall and lanky and has a strong up high She is known for strong and spicy flavor and is ideal for medical use Here are a few links to more about the strain http cannacentral com strains afghani src search http www cannapot com shop cannabis seeds hemcy bv afghani no1 seeds html this is where the seeds are from http en seedfinder eu strain info Afghani Nr1 Sensi Seeds","http://n6tzonxy7sod7eqt.onion/image?item=2834","1401484281","United States",
"9-6775a0635c302542da2c32aa19d86be0","1776","http://n6tzonxy7sod7eqt.onion/Viewitem?itemid=2835","laWnmoWermAn","228.00000000","1 ounce of Afghani 1 Ship to USA","Afghani 1 is originally from the northern mountains of Afghanistan It is described as 95 indica but I have to say it seems to me to be more like a sativa It is tall and lanky and has a strong up high She is known for strong and spicy flavor and is ideal for medical use Here are a few links to more about the strain http cannacentral com strains afghani src search http www cannapot com shop cannabis seeds hemcy bv afghani no1 seeds html this is where the seeds are from http en seedfinder eu strain info Afghani Nr1 Sensi Seeds","http://n6tzonxy7sod7eqt.onion/image?item=2835","1401484281","United States",
"9-6e0e24295e8a86282cb559b860416812","1776","http://n6tzonxy7sod7eqt.onion/Viewitem?itemid=2836","laWnmoWermAn","126.00000000","1 2 ounce of Lemon Kush Ship to USA","Lemon Kush is a cross between Master Kush and Lemon Joy It is Indica dominant and It clearly smells and tastes of Lemon Heavy on the crystals and a strong high this delicious strain is very good for medical users since it has a high level of THC and CBDs You may want to test this at home before going out on it Some say it will cause sleepiness here are a few links to more about Lemon Kush http www medicalmarijuanastrains com lemon kush http www strainbrain com marijuana hybrid lemon kush http cannacentral com strains lemon kush src search http www leafly com hybrid lemon kush","http://n6tzonxy7sod7eqt.onion/image?item=2836","1401484281","United States",
"9-353de26971b93af88da102641069b440","1776","http://n6tzonxy7sod7eqt.onion/Viewitem?itemid=2837","laWnmoWermAn","67.00000000","1 4 ounce of Lemon Kush Ship to USA","Lemon Kush is a cross between Master Kush and Lemon Joy It is Indica dominant and It clearly smells and tastes of Lemon Heavy on the crystals and a strong high this delicious strain is very good for medical users since it has a high level of THC and CBDs You may want to test this at home before going out on it Some say it will cause sleepiness here are a few links to more about Lemon Kush http www medicalmarijuanastrains com lemon kush http www strainbrain com marijuana hybrid lemon kush http cannacentral com strains lemon kush src search http www leafly com hybrid lemon kush","http://n6tzonxy7sod7eqt.onion/image?item=2837","1401484281","United States",
"9-d0bb8259d8fe3c7df4554dab9d7da3c9","1776","http://n6tzonxy7sod7eqt.onion/Viewitem?itemid=2838","laWnmoWermAn","34.00000000","1 8 ounce of Lemon Kush Ship to USA","Lemon Kush is a cross between Master Kush and Lemon Joy It is Indica dominant and It clearly smells and tastes of Lemon Heavy on the crystals and a strong high this delicious strain is very good for medical users since it has a high level of THC and CBDs You may want to test this at home before going out on it Some say it will cause sleepiness here are a few links to more about Lemon Kush http www medicalmarijuanastrains com lemon kush http www strainbrain com marijuana hybrid lemon kush http cannacentral com strains lemon kush src search http www leafly com hybrid lemon kush","http://n6tzonxy7sod7eqt.onion/image?item=2838","1401484281","United States",
"9-d3d80b656929a5bc0fa34381bf42fbdd","1776","http://n6tzonxy7sod7eqt.onion/Viewitem?itemid=2851","LibertyOrHemp","35.00000000","Honeycomb Wax","Wax breaks apart into small chunks Will stick to fingers or with some warmth but otherwise crumbles apart Brown gold in color Made from high quality trim","http://n6tzonxy7sod7eqt.onion/image?item=2851","1401830124","Undeclared",
"9-e833e042f509c996b1b25324d56659fb","1776","http://n6tzonxy7sod7eqt.onion/Viewitem?itemid=2850","LibertyOrHemp","20.00000000","Hash Oil Applicator","1g of Hash Oil in an Oral Syringe applicator Sticky and a little runny Dark in color Whole plant used fan leaves and trim","http://n6tzonxy7sod7eqt.onion/image?item=2850","1401830124","Undeclared",
"9-12311d05c9aa67765703984239511212","1776","http://n6tzonxy7sod7eqt.onion/Viewitem?itemid=2826","maxmax","50.00000000","Amazon refund","Hello 1776 members I m here to offer amazon refund service Ive been investigated this method for a long time and been doing it for a while for my friends Know i feel ready to offer this service for this community I have successfully a rate of 100 All my orders have been refunded I know their script pretty well now PRICE 20 of the price including shipping and fees 40 double dip In this service i will offering following Full escrow no need to FE until you get your refund All day contact Will answering all your questions If you are not satisfied i will refund your bitcoins normal refund replacement or double dip There is no good reason why you should trust a newcomer im just here to offering a service that maybe you could be in need with FAQ 1 Can i use my main account Yes you can all my friends have used the main accounts and there is no problem with that 2 How many refunds replacements per account i would say 2 Never tried more than 2 refunds on same cc and billing address So for safeties way i recommend 2 3 Do you need my password to Amazon No i wont need any password to your mail or amazon account All i need is Order number Billing address Full name and email of the account 4 Maximum i can order I recommend under 1k 5 How long will it take to get my refund replacement Usually it goes in 20 30 minutes but it depends if the agent co operate or not But maximum will be a couple of days 6 Whats double dip Double dip is you order a item from amazon then you get a replacement and at least you will get your refund 7 Can i order anything from amazon I recommend to buy something that s dispatched and fulfilled by amazon 8 Can i order from any amazon sites I can only deal with English spoken sites likes co uk and com If there is any more questions feel free to message me","http://n6tzonxy7sod7eqt.onion/image?item=2826","1401224903","Worldwide",
"9-09b69adcd7cbae914c6204984097d2da","1776","http://n6tzonxy7sod7eqt.onion/Viewitem?itemid=2827","maxmax","18.00000000","Buy bitcoins with paypal and cc for newbies","Guide how to buy bitcoins with hacked paypal or cc noob guide to buy bitcoins","http://n6tzonxy7sod7eqt.onion/image?item=2827","1401224904","Worldwide",
"9-b139aeda1c2914e3b579aafd3ceeb1bd","1776","http://n6tzonxy7sod7eqt.onion/Viewitem?itemid=2828","maxmax","50.00000000","Paypal transfer service for 50","Paypal transfer service With this new unsatured method that i have maturated from my experience you have more time to cashout your funds THERE WILL BE CHARGEBACK AFTER 1WEEK FROM 5 WEEK I send funds within 12 hours from escrow rare times it takes over 24 hours Transfers aren t made from hacked paypal accounts Transfers aren t made from hacked CCs If the transfer is chargebacked in 2 days i will send you new transfer For transfer a i use one of my old accounts with a good transaction history You pay 50 of the amount you wish to receive I only need your PayPal address Please release escrow after 24 hours of successful deposit received to your PayPal account I m not responsible for wrong address given only if new address was given TIPS Use a good aged verified paypal address with transaction history more than 90 days old 10 transaction If you don t have one check my other listing Don t do more transfers than your account can handle","http://n6tzonxy7sod7eqt.onion/image?item=2828","1401224904","Undeclared",
"9-46b2644cbdf489fac0e2d192212d206d","1776","http://n6tzonxy7sod7eqt.onion/Viewitem?itemid=2829","maxmax","25.00000000","7 The best carding tutorials and guides on deepweb","Thinking of getting into carding well guys this listing is for you the ultimate collection of guides you should take a look at before getting into carding god knows how much all this information would cost individually This is a listing for all the guides I used in the past few months when getting into carding myself suitable for both noobs and more experienced carders alike plus a few more tuts I havent used for the more advanced carders out there The highlights of this listing aside from the carding guides would be guides to staying anonymous and not getting caught during online and instore carding working cashout guides that either me or my colleagues have used or tested ourselves and carding sites","http://n6tzonxy7sod7eqt.onion/image?item=2829","1401224904","Worldwide",
"9-0738069b244a1c43c83112b735140a16","1776","http://n6tzonxy7sod7eqt.onion/Viewitem?itemid=2830","maxmax","45.00000000","New Tutorial how to cashout from cc","Hi everyone I have a great method to share with you guys how to get your CC funds into nice and safe BTC This is a method which I kinda stumbled upon more than anything and have been using to change loads of my PP funds into BTC I have not seen anything else similar to it and it is completely original material So what does it do Its a cool little way to change your cc into BTC Its really quite simple and if you have got to the stage of getting some funds in either of these then you will be able to do this no problem Its normally quick and easy This really is a great way to cash out funds SAFELY You can start straight away and start changing money with no effort but I do include advice on doing a few extra bits which will reduce the effective you pay to change your funds and also allow you to change much larger amounts I don t know how long I will sell this for so GET BUYING NOW","http://n6tzonxy7sod7eqt.onion/image?item=2830","1401224904","Worldwide",
"9-e465ae46b07058f4ab5e96b98f101756","1776","http://n6tzonxy7sod7eqt.onion/Viewitem?itemid=2794","Mitosis2020","25.00000000","5 grams of Golden Teacher Mushrooms","Hydroponicly grown c","http://n6tzonxy7sod7eqt.onion/image?item=2794","1400533231","Undeclared",
"9-564645fbd0332f066cbd9d083ddd077c","1776","http://n6tzonxy7sod7eqt.onion/Viewitem?itemid=2805","nigger","25.00000000","test","test","http://n6tzonxy7sod7eqt.onion/image?item=2805","1400965517","Armenia",
"9-182e6c2d3d78eef40e5dac7da77a748f","1776","http://n6tzonxy7sod7eqt.onion/Viewitem?itemid=2817","pharmaguy","68.00000000","Codeine 60mg tabs x 28","I have for sale Codeine 60mg direct from a uk pharmacy this is for a box of 28 i can get larger quantities and other drugs aswell message me if you require anything specific and i will see what i can do All items will be sent in a plane white box this is to ensure theres no trace to the pharmacy i get them from","http://n6tzonxy7sod7eqt.onion/image?item=2817","1401051986","United Kingdom",
"9-f3b7e5d3eb074cde5b76e26bc0fb5776","1776","http://n6tzonxy7sod7eqt.onion/Viewitem?itemid=2812","pharmaguy","50.00000000","Buprenorphine 2mg x 7 subutex","I have for sale 7 Buprenorphine 2mg these are the generic version of subutex these can easily get snorted and cranked just like subutex i can get larger quantities and other drugs aswell message me if you require anything specific and i will see what i can do All items will be sent in a plane white box this is to ensure theres no trace to the pharmacy i get them from","http://n6tzonxy7sod7eqt.onion/image?item=2812","1401051986","United Kingdom",
"9-39d352b0395ba768e18f042c6e2a8621","1776","http://n6tzonxy7sod7eqt.onion/Viewitem?itemid=2813","pharmaguy","70.00000000","Lorazepam 1mg x 28","I have for sale Lorazepam 1mg direct from a uk pharmacy this is for a box of 28 i can get larger quantities and other drugs aswell message me if you require anything specific and i will see what i can do All items will be sent in a plane white box this is to ensure theres no trace to the pharmacy i get them from","http://n6tzonxy7sod7eqt.onion/image?item=2813","1401051986","United Kingdom",
"9-8e987cf1b2f1f6ffa6a43066798b4b7f","1776","http://n6tzonxy7sod7eqt.onion/Viewitem?itemid=2814","pharmaguy","60.00000000","Nitrazepam 5mg x 28","I have for sale Nitrazepam 5mg direct from a uk pharmacy this is for a box of 28 i can get larger quantities and other drugs aswell message me if you require anything specific and i will see what i can do All items will be sent in a plane white box this is to ensure theres no trace to the pharmacy i get them from","http://n6tzonxy7sod7eqt.onion/image?item=2814","1401051986","United Kingdom",
"9-f5b1b89d98b7286673128a5fb112cb9a","1776","http://n6tzonxy7sod7eqt.onion/Viewitem?itemid=2815","pharmaguy","40.00000000","Codeine 15mg Tablets x 28","I have for sale Codeine 15mg direct from a uk pharmacy this is for a box of 28 i can get larger quantities and other drugs aswell message me if you require anything specific and i will see what i can do All items will be sent in a plane white box this is to ensure theres no trace to the pharmacy i get them from","http://n6tzonxy7sod7eqt.onion/image?item=2815","1401051986","United Kingdom",
"9-4e2a6330465c8ffcaa696a5a16639176","1776","http://n6tzonxy7sod7eqt.onion/Viewitem?itemid=2816","pharmaguy","50.00000000","Codeine 30mg Tabs x 28","I have for sale Codeine 15mg direct from a uk pharmacy this is for a box of 28 i can get larger quantities and other drugs aswell message me if you require anything specific and i will see what i can do All items will be sent in a plane white box this is to ensure theres no trace to the pharmacy i get them from","http://n6tzonxy7sod7eqt.onion/image?item=2816","1401051986","United Kingdom",
"9-d0010a6f34908640a4a6da2389772a78","1776","http://n6tzonxy7sod7eqt.onion/Viewitem?itemid=2808","pharmaguy","26.00000000","Diazepam 2mg Uk pharmacy","i have for sale diazepam 2mg direct from a uk pharmacy This is a box of 28 i can get larger quantities and other drugs aswell message me if you require anything specific and i will see what i can do All items will be sent in a plane white box this is to ensure theres no trace to the pharmacy i get them from","http://n6tzonxy7sod7eqt.onion/image?item=2808","1401051986","United Kingdom",
"9-b4fd1d2cb085390fbbadae65e07876a7","1776","http://n6tzonxy7sod7eqt.onion/Viewitem?itemid=2809","pharmaguy","60.00000000","Tramadol 50mg caps x 30","i have for sale Tramadol 50mg caps direct from a uk pharmacy This is a box of 30 i can get larger quantities and other drugs aswell message me if you require anything specific and i will see what i can do All items will be sent in a plane white box this is to ensure theres no trace to the pharmacy i get them from","http://n6tzonxy7sod7eqt.onion/image?item=2809","1401051986","United Kingdom",
"9-663772ea088360f95bac3dc7ffb841be","1776","http://n6tzonxy7sod7eqt.onion/Viewitem?itemid=2810","pharmaguy","100.00000000","Tramadol 50mg caps x 100","i have for sale Tramadol 50mg caps direct from a uk pharmacy This is a box of 100 i can get larger quantities and other drugs aswell message me if you require anything specific and i will see what i can do All items will be sent in a plane white box this is to ensure theres no trace to the pharmacy i get them from","http://n6tzonxy7sod7eqt.onion/image?item=2810","1401051986","United Kingdom",
"9-227f6afd3b7f89b96c4bb91f95d50f6d","1776","http://n6tzonxy7sod7eqt.onion/Viewitem?itemid=2811","pharmaguy","120.00000000","Buprenorphine 8mg x 7 subutex","I have for sale 7 Buprenorphine 8mg these are the generic version of subutex these can easily get snorted and cranked just like subutex i can get larger quantities and other drugs aswell message me if you require anything specific and i will see what i can do All items will be sent in a plane white box this is to ensure theres no trace to the pharmacy i get them from","http://n6tzonxy7sod7eqt.onion/image?item=2811","1401051986","United Kingdom",
"9-765d5fb115a9f6a3e0b23b80a5b2e4c4","1776","http://n6tzonxy7sod7eqt.onion/Viewitem?itemid=2807","pharmaguy","43.00000000","Diazepam 5mg Uk pharmacy","i have for sale diazepam 5mg direct from a uk pharmacy This is a box of 28 i can get larger quantities and other drugs aswell message me if you require anything specific and i will see what i can do All items will be sent in a plane white box this is to ensure theres no trace to the pharmacy i get them from","http://n6tzonxy7sod7eqt.onion/image?item=2807","1401051986","United Kingdom",
"9-c0f971d8cd24364f2029fcb9ac7b71f5","1776","http://n6tzonxy7sod7eqt.onion/Viewitem?itemid=2806","pharmaguy","50.00000000","diazepam 10mg uk pharmacy","i have for sale diazepam 10mg direct from a uk pharmacy This is a box of 28 i can get larger quantities and other drugs aswell message me if you require anything specific and i will see what i can do All items will be sent in a plane white box this is to ensure theres no trace to the pharmacy i get them from","http://n6tzonxy7sod7eqt.onion/image?item=2806","1401051985","United Kingdom",
"9-4191ef5f6c1576762869ac49281130c9","1776","http://n6tzonxy7sod7eqt.onion/Viewitem?itemid=2793","School_Supplies","40.00000000","10 2mg Xanax Bars Chill Out","Tierd of being the DD when you an your buddies go out Take a half of a Xanax bar It s a really clean drunk feeling Inhibitions lost Anxitey gone 30 45 mins post ingestion one begins to feel more social and less awkward at parties and gatherings After 4 hours if you manage to stay awake you are litterally completely sober to finish the resposibily of getting your drunk friend back home You ll be the only one who will score that night If your still awake Have fun Take a bar Smoke a joint Spit some smooth talk at some ladies This listing is for 10 2mg Xanax Alprazolam bars in the color yellow I have been asked if these ae real and my response is that these are given to me by TrusTed Walgreens for my personal use They are 100 real pharmaceutical grade Made in the USA and approved by the FDA","http://n6tzonxy7sod7eqt.onion/image?item=2793","1400187397","United States",
"9-1264a061d82a2edae1574b07249800d6","1776","http://n6tzonxy7sod7eqt.onion/Viewitem?itemid=2792","School_Supplies","40.00000000","5 30mg IR Adderall Tablets School Supplies","Can t stay focused after a small sleep Exams seem overwellming Work TOO fucking boring I can help you get the edge you might need It s called Adderall You know you have heard it before College students have been taking these for years to cram for examinations I use them when I have an early class a full day or if I need to turn the afterburners on late into the night WARNING If you are under the assumtion that taking a pill and studying overnight will make you a genius Reality check If you feel that by taking Adderall your going to be smarter I m sorry You never going to be smart Adderall has no effect on IQ It simply allows you to work harder with more focus and concentration especially under stressfull or sleep deprived situations Simply put its not going to change the fact that your an idiot It is however great for writiing papers Please FE as soon as you can 0 These are 30mg Instant Release D Amphetamine generic for Adderall tablets manufactured by Barr Pharm You will feel a large amount of energy and cognative alertness for 4 6 hours and will almost immediately be able to sleep after tthe pill has worn off This listing is for 5 tablets I have been asked if these are real and as far as I m concerned these were given to me for my consumption by Walgreens They are 100 real pharmaceutical grade Made in the USA and approved by the FDA","http://n6tzonxy7sod7eqt.onion/image?item=2792","1400187396","United States",
"9-030e65da2b1c944090548d36b244b28d","1776","http://n6tzonxy7sod7eqt.onion/Viewitem?itemid=2751","sevpee911","120.00000000","1g Cocaine Grade A","Cocaine Grade A x Gram Top shelf coke Euphoric energetic not too racy speedy Purity is high and cut is low mild EZTest turns dark muddy close to black VERY quickly as pictured If you like pure blow thats not stepped on stick to this high grade stuff Check other listings for cheaper lower grade coke grade B is sometimes available","http://n6tzonxy7sod7eqt.onion/image?item=2751","1398471033","United States",
"9-b2ea5e977c5fc1ccfa74171a9723dd61","1776","http://n6tzonxy7sod7eqt.onion/Viewitem?itemid=2752","sevpee911","400.00000000","4g Cocaine Grade A","Top shelf coke Euphoric energetic not too racy speedy Purity is high and cut is low mild EZTest turns dark muddy close to black VERY quickly as pictured If you like pure blow thats not stepped on stick to this high grade stuff Check other listings for cheaper lower grade coke grade B is sometimes available READ PROFILE BEFORE ORDERING ALL SHIP POLICIES ARE DESCRIBED THERE DOMESTIC ORDERS FULLY ESCROW ed GUARANTEED STEALTH SAFE SHIPMENT INTERNATIONAL ORDERS FE REQ READ INTERNATIONAL POLICIES IN PROFILE CHECK PROFILE REGULARLY FOR PROMOTIONS IMPORTANT UPDATES","http://n6tzonxy7sod7eqt.onion/image?item=2752","1398471033","United States",
"9-9dc372713683fd865d366d5d9ee810ba","1776","http://n6tzonxy7sod7eqt.onion/Viewitem?itemid=2753","sevpee911","90.00000000","1g MDMA Molly Grade A","Grey on outside rocky transluscent offwhite on inside Tests very nice on eztests Best domestic us stuff in a while READ PROFILE BEFORE ORDERING ALL SHIP POLICIES ARE DESCRIBED THERE DOMESTIC ORDERS FULLY ESCROW ed GUARANTEED STEALTH SAFE SHIPMENT INTERNATIONAL ORDERS FE REQ READ INTERNATIONAL POLICIES IN PROFILE CHECK PROFILE REGULARLY FOR PROMOTIONS IMPORTANT UPDATES","http://n6tzonxy7sod7eqt.onion/image?item=2753","1398471033","United States",
"9-044a23cadb567653eb51d4eb40acaa88","1776","http://n6tzonxy7sod7eqt.onion/Viewitem?itemid=2754","sevpee911","300.00000000","4g MDMA Molly Grade A","Grey on outside rocky transluscent offwhite on inside Tests very nice on eztests Best domestic us stuff in a while READ PROFILE BEFORE ORDERING ALL SHIP POLICIES ARE DESCRIBED THERE DOMESTIC ORDERS FULLY ESCROW ed GUARANTEED STEALTH SAFE SHIPMENT INTERNATIONAL ORDERS FE REQ READ INTERNATIONAL POLICIES IN PROFILE CHECK PROFILE REGULARLY FOR PROMOTIONS IMPORTANT UPDATES","http://n6tzonxy7sod7eqt.onion/image?item=2754","1398471033","United States",
"9-17693c91d9204b7a7646284bb3adb603","1776","http://n6tzonxy7sod7eqt.onion/Viewitem?itemid=2755","sevpee911","70.00000000","1g Cocaine Grade B","Decent quality coke that is of the speedy numbing freezy feeling grade Not hi purity top shelf by any means but some people tend to like the speedier stuff Good for the price But if you like top shelf hi purity low cut stuff see grade A listing READ PROFILE BEFORE ORDERING ALL SHIP POLICIES ARE DESCRIBED THERE DOMESTIC ORDERS FULLY ESCROW ed GUARANTEED STEALTH SAFE SHIPMENT INTERNATIONAL ORDERS FE REQ READ INTERNATIONAL POLICIES IN PROFILE CHECK PROFILE REGULARLY FOR PROMOTIONS IMPORTANT UPDATES","http://n6tzonxy7sod7eqt.onion/image?item=2755","1398471033","United States",
"9-9a11883317fde3aef2e2432a58c86779","1776","http://n6tzonxy7sod7eqt.onion/Viewitem?itemid=2756","sevpee911","30.00000000","Suboxone 8mg x 1 Strip","fresh from US pharm","http://n6tzonxy7sod7eqt.onion/image?item=2756","1398993278","United States",
"9-2eb5657d37f474e4c4cf01e4882b8962","1776","http://n6tzonxy7sod7eqt.onion/Viewitem?itemid=2802","SpeakEasyUK","102.00000000","Premium Uncut Cocaine 0 5 Grams","85 pure Uncut Cocaine The quality speaks for itself Shipping from 1 5 14 Sold in 0 5 Gram Wraps","http://n6tzonxy7sod7eqt.onion/image?item=2802","1400792599","United Kingdom",
"9-64c31821603ab476a318839606743bd6","1776","http://n6tzonxy7sod7eqt.onion/Viewitem?itemid=2803","SpeakEasyUK","185.00000000","Premium Uncut Cocaine 1 Gram","85 pure Uncut Cocaine The quality speaks for itself Shipping from 1 5 14 Sold in 0 5 Gram Wraps Package will contain 2x 0 5 Gram Wraps","http://n6tzonxy7sod7eqt.onion/image?item=2803","1400792599","United Kingdom",
"9-4b29fa4efe4fb7bc667c7b301b74d52d","1776","http://n6tzonxy7sod7eqt.onion/Viewitem?itemid=2845","ThisBuds4u","40.00000000","Everclear 95 grain alcohol 190 proof 750mL","Everclear 95 grain alcohol 190 proof USES 1 Mixing drinks 2 GREAT tasteless mixer for jello shots follow recipe sub 1 4 water for Everclear 3 Cleaning Disinfecting 4 Chemistry other hobbies","http://n6tzonxy7sod7eqt.onion/image?item=2845","1401743663","Undeclared",
"9-eb9fc349601c69352c859c1faa287874","1776","http://n6tzonxy7sod7eqt.onion/Viewitem?itemid=2846","ThisBuds4u","30.00000000","Bacardi 151 750mL","750mL 5th of Bacardi 151 Rum alcohol It is recommended that you mix BACARDI 151 with cola or fruit juices","http://n6tzonxy7sod7eqt.onion/image?item=2846","1401743663","United States",
"9-fdf1bc5669e8ff5ba45d02fded729feb","1776","http://n6tzonxy7sod7eqt.onion/Viewitem?itemid=2847","ThisBuds4u","25.00000000","UV Blue Raspberry 750mL","UV Blue Raspberry Vodka alcohol 80 proof 40 alcohol","http://n6tzonxy7sod7eqt.onion/image?item=2847","1401743663","United States",
"9-5a2756a3cb9cde852cad3c97e120b656","1776","http://n6tzonxy7sod7eqt.onion/Viewitem?itemid=2848","ThisBuds4u","50.00000000","Jameson Irish Whiskey","Jameson Irish Whiskey 80 proof alcohol 750mL 5th","http://n6tzonxy7sod7eqt.onion/image?item=2848","1401743664","United States",
"9-2217ad1dd50c1017d3df6b44b7c45508","1776","http://n6tzonxy7sod7eqt.onion/Viewitem?itemid=2849","ThisBuds4u","50.00000000","Jaegermeister 700mL","Jaegermeister liquor alcohol The liqueur according to the brand is made from a secret recipe of 56 herbs blooms roots and fruits Some ingredients are Cinnamon bark star anise cloves ginger root saffron coriander bitter orange skin chamomile flowers licorice root lavender rose hips poppy seeds juniper berries ginseng red sandalwood and blueberries Recommended in shots or Jaeger Bombs w Red Bull Always the start of a great night","http://n6tzonxy7sod7eqt.onion/image?item=2849","1401743664","United States",
"9-78f7d96ea21ccae89a7b581295f34135","1776","http://n6tzonxy7sod7eqt.onion/Viewitem?itemid=2742","tom","1.00000000","Welcome to the Grand Opening","This is an example item Welcome to the Grand Opening of 1776 Marketplace Very soon you will see listings for the items you are used to seeing on a Tor based marketplace Enjoy your stay","http://n6tzonxy7sod7eqt.onion/image?item=2742","1399831750","United States",
"9-74378afe5e8b20910cf1f939e57f0480","1776","http://n6tzonxy7sod7eqt.onion/Viewitem?itemid=2797","UKconnect","1500.00000000","A GRADE COCAINE 10 GRAMS","THIS IS AN INTERNATIONAL LISTING OUR PRICES MAY BE MORE EXPENSIVE THAN OUR COMPETITORS BUT PLEASE TAKE NOTE WE OFFER FULL ESCROW FOR ALL CUSTOMERS NO FE AND IN THE CASE OF A NON ARRIVAL WE OFFER A 100 REFUND OR RE SHIP This listing is for 10 Grams of A Grade Cocaine Disco Shit Satisfaction Guaranteed","http://n6tzonxy7sod7eqt.onion/image?item=2797","1400706138","United Kingdom",
"9-952c3ff98a6acdc36497d839e31aa57c","1776","http://n6tzonxy7sod7eqt.onion/Viewitem?itemid=2798","UKconnect","3220.00000000","A GRADE COCAINE 28 GRAMS","THIS IS AN INTERNATIONAL LISTING OUR PRICES MAY BE MORE EXPENSIVE THAN OUR COMPETITORS BUT PLEASE TAKE NOTE WE OFFER FULL ESCROW FOR ALL CUSTOMERS NO FE AND IN THE CASE OF A NON ARRIVAL WE OFFER A 100 REFUND OR RE SHIP This listing is for 28 Grams of A Grade Cocaine Disco Shit Satisfaction Guaranteed","http://n6tzonxy7sod7eqt.onion/image?item=2798","1400706138","United Kingdom",
"9-0d9095b0d6bbe98ea0c9c02b11b59ee3","1776","http://n6tzonxy7sod7eqt.onion/Viewitem?itemid=2799","ukconnect","650.00000000","A GRADE COCAINE 3 5 GRAMS","THIS IS AN INTERNATIONAL LISTING OUR PRICES MAY BE MORE EXPENSIVE THAN OUR COMPETITORS BUT PLEASE TAKE NOTE WE OFFER FULL ESCROW FOR ALL CUSTOMERS NO FE AND IN THE CASE OF A NON ARRIVAL WE OFFER A 100 REFUND OR RE SHIP This listing is for 3 5 Grams of A Grade Cocaine Disco Shit Satisfaction Guaranteed","http://n6tzonxy7sod7eqt.onion/image?item=2799","1400706138","United Kingdom",
"9-a3788c8c64fd65c470e23e7534c3ebc8","1776","http://n6tzonxy7sod7eqt.onion/Viewitem?itemid=2801","ukconnect","400.00000000","MDMA CRYSTALS 10 GRAMS","THIS IS AN INTERNATIONAL LISTING OUR PRICES MAY BE MORE EXPENSIVE THAN OUR COMPETITORS BUT PLEASE TAKE NOTE WE OFFER FULL ESCROW FOR ALL CUSTOMERS NO FE AND IN THE CASE OF A NON ARRIVAL WE OFFER A 100 REFUND OR RE SHIP This listing is for 10 Grams of MDMA Crystals Satisfaction Guaranteed","http://n6tzonxy7sod7eqt.onion/image?item=2801","1400706138","United Kingdom",
"9-0fc170ecbb8ff1afb2c6de48ea5343e7","1776","http://n6tzonxy7sod7eqt.onion/Viewitem?itemid=2800","ukconnect","200.00000000","MDMA CRYSTALS 5 GRAMS","THIS IS AN INTERNATIONAL LISTING OUR PRICES MAY BE MORE EXPENSIVE THAN OUR COMPETITORS BUT PLEASE TAKE NOTE WE OFFER FULL ESCROW FOR ALL CUSTOMERS NO FE AND IN THE CASE OF A NON ARRIVAL WE OFFER A 100 REFUND OR RE SHIP This listing is for 5 Grams of MDMA Crystals Satisfaction Guaranteed","http://n6tzonxy7sod7eqt.onion/image?item=2800","1400706138","United Kingdom",
"9-4ab52371762b735317125e6446a51e8f","1776","http://n6tzonxy7sod7eqt.onion/Viewitem?itemid=2804","ukconnect","100.00000000","MDMA CRYSTALS 2 GRAMS","THIS IS AN INTERNATIONAL LISTING OUR PRICES MAY BE MORE EXPENSIVE THAN OUR COMPETITORS BUT PLEASE TAKE NOTE WE OFFER FULL ESCROW FOR ALL CUSTOMERS NO FE AND IN THE CASE OF A NON ARRIVAL WE OFFER A 100 REFUND OR RE SHIP This listing is for 2 Grams of MDMA Crystals Satisfaction Guaranteed","http://n6tzonxy7sod7eqt.onion/image?item=2804","1400792599","United Kingdom",
